date,open,high,low,close,volume
2024-03-26,3127.2738572672642,3149.211747331716,3100.3126898550877,3124.762218593402,801447
2024-03-27,3100.29731575595,3100.29731575595,3080.493268561494,3081.1387796596587,989812
2024-03-28,3079.1202837279593,3082.8129566729835,3062.7044853098346,3072.758720991409,782261
2024-03-29,3078.5347902066833,3078.5347902066833,2984.4196186909307,3002.472268622325,1156080
2024-04-01,3002.545505627766,3177.493932097595,2951.5901966703577,3064.5420643839766,1107053
2024-04-02,3070.106145823674,3113.735890121801,3070.106145823674,3092.8250496107476,900603
2024-04-03,3111.18974285488,3195.2460088005337,3111.18974285488,3184.177017517483,1265375
2024-04-04,3141.7051272454146,3148.0094755881637,3108.4428506256645,3128.226163106914,1056987
2024-04-05,3115.136923268806,3143.92312098655,3115.136923268806,3132.070287574126,754881
2024-04-08,3130.33084688336,3130.33084688336,3045.4922627518877,3085.2668678755053,1008069
2024-04-09,3047.2023836291023,3239.955823700788,2959.544507333146,3099.750165516967,818146
2024-04-10,3102.0853135652674,3102.0853135652674,2941.3323652962417,3006.4029200377254,1292259
2024-04-11,2996.3375827627406,2996.3375827627406,2873.7479643919332,2917.4927443202746,1282052
2024-04-12,2883.0334415137872,2995.802573078997,2883.0334415137872,2950.806931932642,940286
2024-04-15,2955.152018934853,3083.528232196379,2921.92561399012,3002.7269230932498,1051759
2024-04-16,3018.3727037566027,3024.090440196931,2963.570850594872,2993.8306453959012,786722
2024-04-17,3020.719856917883,3117.5648210898476,2905.8887476929326,3011.72678439139,841519
2024-04-18,3008.771947687698,3095.039770323666,3008.771947687698,3059.6423556380996,1021406
2024-04-19,3075.1698262425125,3259.640290821169,3040.4912623621426,3150.065776591656,1265675
2024-04-22,3183.8502752926497,3256.3489664438157,3181.839632776577,3219.0942996101962,1129292
2024-04-23,3200.6022437272136,3334.7351245342766,3150.45068200347,3242.592903268873,865567
2024-04-24,3187.2039478981415,3482.1047827947746,3144.2022437093915,3313.153513252083,1126554
2024-04-25,3322.9094988504685,3571.877778106776,3158.219910171801,3365.0488441392886,1016967
2024-04-26,3381.621320584416,3613.6054404798606,3244.3407223282375,3428.973081404049,1076956
2024-04-29,3393.5629958160052,3393.5629958160052,3356.541316570899,3360.1684882518844,1103530
2024-04-30,3376.71608912562,3376.71608912562,3053.3258222877616,3185.6122583392507,1709164
2024-05-01,3211.387786373576,3379.183816592533,3211.387786373576,3336.254911196496,1578391
2024-05-02,3294.6014947286476,3414.2617773211737,3294.6014947286476,3403.603725188563,1098334
2024-05-03,3439.3423954919976,3705.03865343583,3364.4138675697495,3534.7262605027895,1424527
2024-05-06,3539.160611272121,3539.160611272121,3313.5767526057452,3382.110432373495,1540518
2024-05-07,3436.9994564327885,3436.9994564327885,3359.2145746316833,3393.39074869102,793362
2024-05-08,3434.9533545068375,3434.9533545068375,3339.7596045175615,3387.3383754068313,765081
2024-05-09,3398.820066912776,3399.8636976526695,3388.053116583176,3393.958407117923,768143
2024-05-10,3346.7584859189024,3650.135817088157,3346.7584859189024,3585.472601926945,1737485
2024-05-13,3627.100393567883,3627.100393567883,3495.506938419582,3496.1077928638065,1194536
2024-05-14,3471.7474847260655,3471.7474847260655,3366.540241190447,3415.4452739825083,1159791
2024-05-15,3387.7964364540444,3393.0389885619365,3356.5472240860577,3374.793106323997,951634
2024-05-16,3377.3267501467167,3478.647158054075,3286.7330587713695,3382.690108412722,775189
2024-05-17,3401.9115445293287,3649.7025341622784,3401.9115445293287,3557.566589932147,1655313
2024-05-20,3534.3591873821197,3650.514353709856,3277.886635299382,3464.2004945046187,1219344
2024-05-21,3460.334792310838,3626.7959063382273,3460.297114811872,3543.5465105750495,1147044
2024-05-22,3561.88240085306,3661.9009509753437,3437.412956245163,3549.6569536102534,763941
2024-05-23,3589.451315650183,3589.451315650183,3333.141071808315,3400.9822942060405,1515813
2024-05-24,3380.3085587498035,3405.6314046814646,3293.912430392286,3349.771917536875,1010193
2024-05-27,3320.2718436605205,3392.350444748038,3291.5016817793,3341.9260632636688,775330
2024-05-28,3336.175832319978,3475.2276381346414,3336.175832319978,3429.3845095382553,1205403
2024-05-29,3397.141143805777,3604.282814381509,3397.141143805777,3604.005044064863,1641753
2024-05-30,3674.367336633023,3858.9790596367247,3580.569815847657,3719.774437742191,1311303
2024-05-31,3698.3654850882644,4021.6220462425817,3698.3654850882644,3883.9424399298714,1523156
2024-06-03,3886.1754185997943,4178.257651839781,3886.1754185997943,4135.349564308303,1880811
2024-06-04,4130.1359902785925,4242.949602958665,4107.6225574760865,4175.2860802173755,908371
2024-06-05,4204.649114129202,4524.643654276245,4204.649114129202,4432.232081738763,1825868
2024-06-06,4421.57152596659,4513.090391307526,4413.68475368947,4463.387572498498,860650
2024-06-07,4490.404926711241,4490.404926711241,4324.398212342155,4381.76228419977,1070340
2024-06-10,4387.063992305895,4461.8010625326215,4387.063992305895,4447.503492567164,1005064
2024-06-11,4428.689312971808,4727.64634024783,4428.689312971808,4699.005254078067,1739583
2024-06-12,4707.2699445686085,4860.985510100652,4707.2699445686085,4798.792194335705,1117148
2024-06-13,4834.289020685336,4834.289020685336,4653.085925545536,4680.020650827864,1191272
2024-06-14,4720.876029649367,4889.233611296029,4720.876029649367,4854.21371156275,1401522
2024-06-17,4792.886944513963,4852.186518350075,4792.886944513963,4822.787575088085,851318
2024-06-18,4842.9571166590085,4960.001581771485,4842.9571166590085,4906.0716054798395,1045886
2024-06-19,4907.623614996672,5078.307712153733,4907.623614996672,5066.339682808507,1320967
2024-06-20,5081.6012480436475,5227.202450655627,5081.6012480436475,5159.089837343741,1064564
2024-06-21,5167.702690414252,5209.621987544366,4814.289839583496,5011.955913563931,1262171
2024-06-24,5091.354687004138,5091.354687004138,4817.17653902388,4895.6735664266635,1162207
2024-06-25,4876.591207977652,5006.135353105998,4876.591207977652,4998.738019986812,1113855
2024-06-26,4941.082664856791,5351.406516217433,4941.082664856791,5259.498298881406,1663455
2024-06-27,5282.260312361291,5638.614133885238,5208.809654904083,5423.71189439466,1295328
2024-06-28,5331.592969751726,5599.388519744072,5323.15922388266,5461.273871813366,858763
2024-07-01,5412.444886811147,5412.444886811147,5294.4384687179345,5301.85335336614,1274836
2024-07-02,5301.010960318806,5562.827927082698,5146.164575613799,5354.496251348248,913299
2024-07-03,5297.967738367982,5297.967738367982,5052.6395172435205,5157.677918517595,1418102
2024-07-04,5112.5690431386065,5112.5690431386065,4566.6562893082255,4742.93120489218,2267332
2024-07-05,4662.834841305468,4734.220136033231,4615.396989792012,4674.808562912622,997286
2024-07-08,4590.432277043633,4590.432277043633,4404.048113268539,4436.179995113223,1691732
2024-07-09,4529.867845937442,4725.6549458000045,4529.867845937442,4714.499721089615,1846535
2024-07-10,4712.961668233093,4712.961668233093,4598.9307234911375,4643.700923185762,1009444
2024-07-11,4662.990217390027,4941.244763399352,4601.4229782546445,4771.3338708269985,1228853
2024-07-12,4790.705981912264,4918.3242799953905,4671.394419237764,4794.859349616577,822451
2024-07-15,4780.485006525289,4780.485006525289,4500.894175586132,4621.397317910742,1407063
2024-07-16,4672.680372438402,4688.4263863485985,4537.688993691421,4613.057690020009,765466
2024-07-17,4571.824221633717,4636.828008684014,4571.824221633717,4633.556142289401,813576
2024-07-18,4657.507738303909,4657.507738303909,4381.963603755735,4455.693695381469,1449077
2024-07-19,4446.479489383274,4575.745231582626,4441.856154981651,4508.800693282138,949338
2024-07-22,4539.309431468013,4703.075685678932,4507.651515657785,4605.363600668359,1120389
2024-07-23,4579.519482098648,4579.519482098648,4388.738297193602,4393.223461857771,1595859
2024-07-24,4389.394576149141,4661.878803688149,4389.394576149141,4659.744056490183,1810797
2024-07-25,4646.626759353484,5021.844339382922,4614.136762157466,4817.990550770194,1343879
2024-07-26,4840.483729443383,5040.890050560945,4824.013594017288,4932.4518222891165,1162297
2024-07-29,4976.541721524891,4976.541721524891,4881.049233130487,4887.376612920504,900489
2024-07-30,4884.4811969066695,4964.5657206723945,4884.4811969066695,4924.999699303262,872804
2024-07-31,5031.753866571202,5031.753866571202,4644.722853444682,4800.261627348905,1202112
2024-08-01,4895.686073014064,5067.562418849848,4694.7105081594145,4881.136463504631,1038310
2024-08-02,4834.340097462847,5011.6218089185995,4834.340097462847,4986.838076041346,1124665
2024-08-05,4958.3916049646905,5068.061798201155,4911.918084013138,4989.9899411071465,743963
2024-08-06,4973.724276318683,5008.346272017192,4742.504815436429,4875.425543726811,1157669
2024-08-07,4817.705337068409,5135.477144858131,4723.521862404385,4929.4995036312575,934354
2024-08-08,4986.665662856956,5026.437329461629,4958.159853775083,4992.298591618356,964179
2024-08-09,4995.328905915419,5222.6978123420495,4995.328905915419,5112.497348965871,1168015
2024-08-12,5105.884292392433,5105.884292392433,5052.688033360344,5057.607203644366,930041
2024-08-13,5114.335711191272,5114.335711191272,4946.083394684537,4975.698220272663,1031354
2024-08-14,4962.287014316634,5088.234197436556,4962.287014316634,5079.800047355474,1111522
2024-08-15,5089.323469773111,5463.071064636844,5089.323469773111,5371.4261085831995,1754480
2024-08-16,5377.251614869991,5604.794895863266,5082.149265889173,5343.4720808762195,827932
2024-08-19,5330.159849361226,5610.848518293655,4891.134909840712,5250.991714067183,1052061
2024-08-20,5226.443916474662,5431.761194935676,5226.443916474662,5407.386526701138,1269770
2024-08-21,5317.592054425428,5409.516713198258,5300.491655222519,5355.004184210388,910630
2024-08-22,5401.319384726341,5525.369041258585,5382.66115853704,5454.015099897812,1067842
2024-08-23,5397.269936371465,5530.837208639448,5328.361107088607,5429.599157864028,814546
2024-08-26,5406.574345072209,5485.489316334777,5240.050309400033,5362.769812867406,959157
2024-08-27,5320.10155855063,5639.352607620865,5320.10155855063,5610.60547713599,1559599
2024-08-28,5589.995436218532,5666.623424462208,5589.995436218532,5663.7911289604035,905145
2024-08-29,5726.593189696005,5965.994441604575,5676.962467079995,5821.478454342285,1235198
2024-08-30,5837.609174991379,6008.097324905836,5837.609174991379,5993.827645023672,1266603
2024-09-02,6061.510766708134,6061.510766708134,5954.664885110508,5991.8153101121625,738543
2024-09-03,6143.897492787839,6143.897492787839,5986.2571589968575,6031.267042196638,852557
2024-09-04,5993.602326167331,6064.073737910116,5929.954051302032,5997.013894606073,836677
2024-09-05,6035.059543176403,6185.71178032667,6035.059543176403,6171.799579407662,1258415
2024-09-06,6182.293750959352,6548.305639801951,6182.293750959352,6522.61980261493,1744668
2024-09-09,6452.816814262155,6695.116367269018,6444.022907071019,6569.569637170019,863717
2024-09-10,6523.501125921108,6678.042595418714,6523.501125921108,6660.235539726882,983359
2024-09-11,6583.336745099733,6732.212594706118,6583.336745099733,6728.855699829108,920075
2024-09-12,6760.07863422842,6827.290448157115,6643.24699402447,6735.2687210907925,749837
2024-09-13,6765.015252754014,6765.015252754014,6463.374509739061,6486.455908145138,1421604
2024-09-16,6473.540979806914,6747.670118962272,6231.450814673882,6489.560466818077,741156
2024-09-17,6552.2577014566,6552.2577014566,6122.44590074389,6311.680396215363,1241278
2024-09-18,6394.294414923119,6485.319694570455,6394.294414923119,6475.380312471889,1201226
2024-09-19,6389.653983375269,6437.599784394107,6389.653983375269,6436.643773415187,842255
2024-09-20,6415.082207032783,6511.435125052851,6253.828850899045,6382.6319879759485,886686
2024-09-23,6426.083535035298,6426.083535035298,5953.600415736474,6057.939464865204,1688368
2024-09-24,6037.5224330979,6300.465511245963,6037.5224330979,6191.865920435656,1132772
2024-09-25,6230.2809676768065,6230.2809676768065,5851.971072473284,5938.902049100353,1496140
2024-09-26,6038.35875657961,6238.491236065537,6034.133854926046,6136.312545495792,1331122
2024-09-27,6182.885652476275,6237.248938555606,6167.6555582359115,6202.452248395759,928690
2024-09-30,6244.592835093081,6438.430250199594,6207.6104558164525,6323.020353008023,1084901
2024-10-01,6337.114823918069,6337.114823918069,6221.894339379504,6259.085627277957,918476
2024-10-02,6254.933570184751,6293.253433220276,6076.026528745192,6184.6399809827335,951478
2024-10-03,6211.937088970229,7028.787479627112,6211.937088970229,6778.056792260905,2409976
2024-10-04,6683.375810459422,7300.591131565341,6683.375810459422,7019.657103483703,1373678
2024-10-07,7050.0155892003795,7050.0155892003795,6569.880844576651,6757.959938145734,1428047
2024-10-08,6832.45538210014,6933.197048056711,6724.62752507851,6828.912286567611,923629
2024-10-09,6805.556896441025,6825.153647124771,6603.5009018771925,6714.327274500982,1042230
2024-10-10,6660.766529703913,6917.930685313742,6324.381979109849,6621.156332211796,988250
2024-10-11,6592.748209039988,6900.04474474527,6592.748209039988,6811.5174773005565,1251386
2024-10-14,6794.604416755431,7179.228526006243,6794.604416755431,6987.582708299136,1199658
2024-10-15,7076.413976820673,7076.413976820673,6744.694442517496,6750.175182724623,1365298
2024-10-16,6784.414849156229,7240.073603093918,6784.414849156229,7158.3209113465755,1807312
2024-10-17,7057.488242972097,7159.470182066888,7022.253744261493,7090.8619631641905,905762
2024-10-18,7037.915286687623,7037.915286687623,6107.981714921425,6241.41687677299,3068729
2024-10-21,6199.948051743494,6199.948051743494,5773.586266772382,5936.914951456814,1648210
2024-10-22,5993.922019417597,6122.746528165557,5993.922019417597,6077.755720758938,1161686
2024-10-23,6100.159708516922,6551.505820350511,6100.159708516922,6349.989919234599,1534692
2024-10-24,6392.706392976257,6392.706392976257,6028.75663515017,6181.3085249328215,1225356
2024-10-25,6222.358194865965,6448.568169204607,6222.358194865965,6385.257698777019,1326767
2024-10-28,6337.922878754933,6567.792389465652,6337.922878754933,6465.38474690117,960731
2024-10-29,6462.09329335886,6609.960284650807,6338.048783033382,6474.004533842094,756789
2024-10-30,6510.30140011005,6596.1247500707295,6466.7602252849565,6531.442487677843,894125
2024-10-31,6527.603249222804,6530.216795911894,6220.883912265485,6375.550354088689,1174714
2024-11-01,6385.794504455463,6566.364083489444,6385.794504455463,6502.82375770069,1094309
2024-11-04,6497.5086876160985,6497.5086876160985,6343.825140551229,6402.157798415402,1018055
2024-11-05,6425.045612931828,6787.349567554837,6425.045612931828,6609.761809097667,1316709
2024-11-06,6552.81101176388,6552.81101176388,6258.453129274743,6342.058467984423,1489402
2024-11-07,6383.384633226625,6485.535297212513,6338.927380231467,6412.23133872199,933875
2024-11-08,6372.820736009243,6372.820736009243,6105.7464257969805,6171.465450057019,1433132
2024-11-11,6181.037546198039,6581.949265465204,6142.039579998032,6361.994422731618,1289117
2024-11-12,6343.229664130937,6571.8337297237495,6055.482020910168,6313.657875316959,872039
2024-11-13,6322.852915858088,6405.1795615841165,6316.653314822867,6360.916438203491,868936
2024-11-14,6390.042996840191,6569.17728982873,6136.696045060257,6352.936667444494,755379
2024-11-15,6360.8186255669,6360.8186255669,6100.915233194005,6158.7269874289195,1300863
2024-11-18,6176.275128368556,6176.275128368556,5623.313346036789,5840.3265665416475,1704345
2024-11-19,5854.394618633792,6065.156256424883,5618.739779671718,5841.948018048301,737477
2024-11-20,5805.24140505059,5805.24140505059,5588.922946343387,5604.2111874118345,1493096
2024-11-21,5590.089805911044,5709.740968911157,5590.089805911044,5703.759093357367,1054779
2024-11-22,5726.711529395515,6224.394188350468,5726.711529395515,5990.14874956176,1629410
2024-11-25,5967.07836230767,5967.07836230767,5639.178044289599,5788.39868714472,1359701
2024-11-26,5764.877846722031,5879.109275296694,5634.971748301595,5757.040511799145,831856
2024-11-27,5882.634422260894,5978.493745939701,5712.299127990491,5845.396436965096,1011270
2024-11-28,5831.827194033355,6381.026539511951,5831.827194033355,6229.4109943724225,1897404
2024-11-29,6223.927354339454,6223.927354339454,5965.253293936428,6049.774945625325,1268154
2024-12-02,6119.317940444784,6119.317940444784,5782.594444580567,5940.619679679414,1065774
2024-12-03,6037.778431258029,6037.778431258029,5866.285553039917,5900.745743454358,855706
2024-12-04,5909.428465163768,5909.428465163768,5782.165547355135,5793.375480809895,1068630
2024-12-05,5849.366112957823,5849.366112957823,5637.075682624121,5731.157242123951,930098
2024-12-06,5753.866396900646,6179.413223722233,5753.866396900646,6061.124240024107,1757342
2024-12-09,5985.965124891084,6045.862153450865,5846.122784078922,5945.992468764894,1083538
2024-12-10,5917.169029534839,6229.966022329641,5854.939798722156,6042.452910525899,1027048
2024-12-11,6037.816104155553,6037.816104155553,5812.059145546206,5848.834281150567,1328704
2024-12-12,5844.076345235492,6058.59398619889,5802.493097555282,5930.543541877086,986416
2024-12-13,5983.919059255127,6289.329275980776,5830.902511441879,6060.115893711328,1128127
2024-12-16,6178.443327383072,6178.443327383072,6043.6891948716975,6060.8536393790155,734623
2024-12-17,5991.864631959594,6083.260977321704,5887.912352805748,5985.586665063726,961200
2024-12-18,5928.269709298953,5978.992961323779,5510.328109434046,5744.660535378913,1484629
2024-12-19,5688.249026378898,6028.862436155542,5688.249026378898,5926.380787960427,1302617
2024-12-20,5876.761720574524,6124.823695314617,5753.208985431227,5939.016340372922,771391
2024-12-23,5984.993758970397,6001.449412470265,5781.668331841014,5891.55887215564,879293
2024-12-24,5888.444399881381,6043.9159365090845,5848.462732809955,5946.18933465952,901394
2024-12-25,6010.689437201135,6010.689437201135,5727.068049509429,5842.665721159064,1053978
2024-12-26,5791.644171474894,5808.2262783867545,5479.046624752415,5643.636451569585,1366988
2024-12-27,5761.01867888864,5761.01867888864,5400.669749987037,5449.630439926224,1372889
2024-12-30,5507.07456450179,5507.07456450179,5363.317326286587,5398.115183590059,906301
2024-12-31,5457.863701262728,5457.863701262728,5289.313711173074,5317.9364386844,1006393
2025-01-01,5296.885333632523,5327.829614211653,4877.786464057469,5102.808039134561,1488489
2025-01-02,5057.586534566282,5355.7163010388185,5057.586534566282,5297.403802086271,1417657
2025-01-03,5291.568602407484,5439.820125824317,5291.568602407484,5400.859941533131,1086532
2025-01-06,5412.663751394769,5542.469014493523,5269.276008185947,5405.872511339735,749380
2025-01-07,5457.911720074064,5457.911720074064,5327.465914485998,5383.828672469732,807210
2025-01-08,5299.387928011651,5299.387928011651,5182.268955657785,5227.253068318979,1272790
2025-01-09,5279.288227385605,5407.260620152421,5007.865494631197,5207.56305739181,801494
2025-01-10,5190.3490181983525,5441.877757728594,5190.3490181983525,5395.007009236811,1379866
2025-01-13,5413.783023578628,5447.583157365252,5357.2718392294755,5402.427498297364,757561
2025-01-14,5398.077182548042,5398.077182548042,5279.522059571046,5296.0183080113575,1096635
2025-01-15,5325.791295649816,5415.672927793835,5170.617691491702,5293.145309642769,742330
2025-01-16,5329.117067645024,5329.117067645024,5103.424162569068,5114.061612594749,1362597
2025-01-17,5103.308242949775,5284.755856275526,5054.488377529285,5169.622116902406,930245
2025-01-20,5150.908032792222,5175.028643052141,5033.709915033349,5104.369279042745,964979
2025-01-21,5081.795198560278,5342.287238161326,4865.79605289578,5104.041645528553,733570
2025-01-22,5174.601907523789,5410.443550702587,5162.552906422655,5286.498228562621,1375499
2025-01-23,5253.667178577718,5422.386282051338,4849.120275596509,5135.753278823923,1262091
2025-01-24,5128.006622300049,5580.551940660062,5128.006622300049,5492.809086039039,1963061
2025-01-27,5486.058040153712,5486.058040153712,5138.440489568377,5220.282086844358,1664154
2025-01-28,5228.438026981603,5257.084018981578,4949.230726853245,5103.1573729174115,1147882
2025-01-29,5145.153109912523,5327.691556448858,5145.153109912523,5261.51562084157,1291939
2025-01-30,5208.030200249811,5628.108076242891,5208.030200249811,5471.563743795116,1449141
2025-01-31,5467.893372582631,5467.893372582631,5212.491583188986,5245.27508188946,1505744
2025-02-03,5245.911254061298,5667.042989082366,5245.911254061298,5506.862884770574,1623489
2025-02-04,5524.107119622694,5524.107119622694,5426.408468160308,5450.803153356981,919744
2025-02-05,5469.44848739061,5470.459048412328,5462.022007566794,5466.240527989561,784177
2025-02-06,5460.458328173789,5460.458328173789,5125.531480748103,5138.7673176531425,1863539
2025-02-07,5117.406557834234,5117.406557834234,5007.373907031195,5027.056507184235,1134820
2025-02-10,5031.9850074649885,5204.229642633371,5031.9850074649885,5165.162372880907,1228627
2025-02-11,5154.669722486094,5285.987287435783,5154.669722486094,5267.206592048987,1090602
2025-02-12,5227.405589383627,5238.622645078783,5056.250025713194,5147.436335395988,1153547
2025-02-13,5136.664298340782,5402.14053912412,4912.899231420185,5157.519885272152,768227
2025-02-14,5136.197730984768,5173.325660275462,4714.569550901233,4943.947605588348,1506750
2025-02-17,4983.829626448734,4983.829626448734,4638.241241265526,4788.344271732388,1317934
2025-02-18,4831.078775410668,4831.078775410668,4560.320506029754,4572.190363446511,1578170
2025-02-19,4550.114571580049,4550.114571580049,4368.426003269279,4400.827085618594,1431830
2025-02-20,4382.291455223767,4528.586604899427,4327.429150941489,4428.007877920458,845134
2025-02-21,4319.524110537481,4354.792161949972,4276.729786796065,4315.760974373018,1202521
2025-02-24,4365.290016067376,4707.97259954711,4365.290016067376,4542.074529365303,1668216
2025-02-25,4578.924177364037,4630.5022824603975,4578.924177364037,4610.736586783269,1007112
2025-02-26,4599.107937270532,5120.814627827773,4599.107937270532,4913.196145184519,1895750
2025-02-27,4935.008121025302,5099.618380188096,4842.020009136604,4970.81919466235,945887
2025-02-28,5016.318427785922,5085.608851976392,5016.318427785922,5064.524298907067,1074342
2025-03-03,5075.9916211694135,5075.9916211694135,4829.542030653658,4935.151419552799,1206197
2025-03-04,4930.756569091897,4972.075475191736,4907.8682049107365,4939.971840051236,750270
2025-03-05,4941.927854179063,4987.99927956168,4831.532841652645,4909.766060607163,844695
2025-03-06,4867.442891556498,4936.982906989143,4865.596775064033,4901.289841026588,764032
2025-03-07,4903.565812244791,4903.565812244791,4636.240409862451,4661.557940948986,1650611
2025-03-10,4639.434144166024,4639.434144166024,4368.4183542659775,4391.868042116793,1823573
2025-03-11,4361.044217222437,4609.102000012941,4361.044217222437,4587.015123907407,1528414
2025-03-12,4520.541542008244,4781.376494606625,4369.145761461684,4575.261128034154,779373
2025-03-13,4635.371394135772,4635.371394135772,4110.169885572403,4194.902763651345,2321575
2025-03-14,4236.517197760932,4236.517197760932,4115.8132089555675,4140.57076520549,971091
2025-03-17,4115.7010456045855,4452.814464558819,3874.1921338782363,4163.503299218528,833524
2025-03-18,4199.392956522471,4199.392956522471,3985.754546355921,4086.307421758698,1075066
2025-03-19,4053.4802901039598,4403.201485503169,4053.4802901039598,4401.207595458672,2091669
2025-03-20,4424.540656686484,4534.438243255352,4098.207812690695,4316.323027973023,1088981
2025-03-21,4322.718395937005,4348.915335252816,4222.623817415956,4285.769576334386,862463
2025-03-24,4266.55114319479,4293.715900951097,4102.043405709184,4197.87965333014,1111786
2025-03-25,4234.168134011222,4671.744093621415,4026.8053378664504,4349.274715743933,1381105
2025-03-26,4293.0849829969175,4369.870872529225,3941.120748216035,4155.49581037263,1566910
2025-03-27,4142.284132662644,4613.593544221978,4142.284132662644,4451.485201361277,1992225
2025-03-28,4449.087601215434,4558.466776176241,4174.9384721475835,4366.702624161912,1084486
2025-03-31,4408.533540929916,4408.533540929916,4229.480340117645,4234.899434638696,1293566
2025-04-01,4168.290871730812,4477.103437700796,3998.8955760644963,4237.9995068826465,745793
2025-04-02,4314.66747719518,4314.66747719518,4024.944766882291,4071.04936095667,1468278
2025-04-03,4095.468442669895,4394.606621375695,4095.468442669895,4369.185445059849,2026460
2025-04-04,4413.721853692486,4523.854099975115,4250.754684335712,4387.304392155414,808168
2025-04-07,4365.750002035023,4743.847462275508,4365.750002035023,4609.536629231565,1637128
2025-04-08,4655.135819788105,4870.819760412145,4399.782185408449,4635.300972910297,834450
2025-04-09,4697.82862936764,5006.17074844751,4697.82862936764,4938.543554574574,1892679
2025-04-10,4927.164769275404,5259.2479501670605,4927.164769275404,5138.652997222963,1459672
2025-04-11,5153.701680668891,5153.701680668891,4889.4906512853095,5008.443499469755,1202332
2025-04-14,4947.981262697691,5133.746305224477,4937.064398340774,5035.405351782625,830697
2025-04-15,5007.989514340251,5007.989514340251,4639.659679728636,4809.577910773516,1572538
2025-04-16,4818.827620042914,4826.689808932201,4729.088837674062,4777.889323303131,853431
2025-04-17,4790.211910955271,5009.002111764993,4790.211910955271,4920.924302692837,1272490
2025-04-18,4944.58257295969,5001.44167664795,4633.268181908764,4817.354929278356,1121871
2025-04-21,4877.763536147087,5032.578210070994,4860.888658452936,4946.733434261965,1217651
2025-04-22,4919.470035844011,4919.470035844011,4816.261781346824,4843.852486227255,1117215
2025-04-23,4800.5403410248655,4823.465478980712,4402.57664080352,4613.021059892116,1626418
2025-04-24,4610.222302582425,4610.222302582425,4430.682339710051,4511.188061349708,1141115
2025-04-25,4502.033186772726,4502.033186772726,4162.0055176685755,4206.794046417887,2011517
2025-04-28,4252.117167926795,4252.117167926795,4068.399543310922,4116.072980876342,1131574
2025-04-29,4097.928141089068,4097.928141089068,3978.297205345785,3978.629137104816,1354239
2025-04-30,3949.278897218441,4047.582298559017,3893.74805321906,3970.6651758890384,769082
2025-05-01,3998.5533614279097,3998.5533614279097,3716.1001333964505,3744.071376477709,1808283
2025-05-02,3718.690670087617,3880.0861729399844,3718.690670087617,3858.8285070372376,1285170
2025-05-05,3884.375515605811,4023.2194769529274,3792.2328099178385,3907.7261434353827,962953
2025-05-06,3890.7862901036233,3991.44496512412,3890.7862901036233,3958.669190728183,969549
2025-05-07,3954.3437679973567,4002.562369010292,3779.490009078634,3891.026189044463,1047965
2025-05-08,3891.235329661572,3892.7924675270906,3866.719542744995,3879.756005136043,785505
2025-05-09,3853.605958489918,3957.1815488481307,3787.200751222272,3872.191150035201,768130
2025-05-12,3848.831719867668,4136.234223955829,3762.2433313599727,3949.238777657901,1093141
2025-05-13,3914.480735438095,3932.1068395044827,3731.2302825720367,3831.6685610382597,1285764
2025-05-14,3851.594592181317,3851.594592181317,3813.242692969551,3829.943738370021,740639
2025-05-15,3786.9592058603166,3832.48503802378,3584.304776442764,3708.394907233272,1322906
2025-05-16,3674.4372329802504,3953.816549995388,3538.2936901859493,3746.0551200906684,917401
2025-05-19,3744.6861561487126,3849.12972825271,3726.4481587469477,3787.7889434998287,935252
2025-05-20,3784.2812416600136,3859.535761964486,3784.2812416600136,3849.3953827011737,1027799
2025-05-21,3876.4998493909093,4004.8888983369798,3787.814402415674,3896.3516503763267,954393
2025-05-22,3974.441338245871,3974.441338245871,3805.55449480789,3848.1890708677342,960132
2025-05-23,3845.1228057618646,4052.848247488411,3830.1064296854156,3941.477338586913,1170970
2025-05-26,3941.8326114993692,3955.096035176904,3941.8326114993692,3953.435145814045,787860
2025-05-27,3941.782683513998,4075.122115484203,3930.48538922355,4002.8037523538765,959624
2025-05-28,4025.254222620125,4025.254222620125,3829.0731313489755,3892.4364800216426,1244334
2025-05-29,3891.323236483592,3960.425131532403,3891.323236483592,3931.630863409645,915841
2025-05-30,3921.80924427314,3990.5954965414944,3830.545035774691,3910.5702661580926,830739
2025-06-02,3965.012422782939,3965.012422782939,3873.1602766594533,3905.9516943818157,754032
2025-06-03,3865.828196540222,4008.1729557840968,3654.0350998671756,3831.1040278256364,1086662
2025-06-04,3852.4878439962913,3980.3170397526046,3768.3505137355423,3874.3337767440735,937844
2025-06-05,3866.7660173405184,3879.5408492489605,3733.5227653685647,3806.5318073087624,1055660
2025-06-06,3747.1863647040495,3924.1703525495805,3747.1863647040495,3863.459765693585,1004197
2025-06-09,3855.553548786189,4020.4359955274394,3697.947267389517,3859.1916314584782,752633
2025-06-10,3839.858599142771,3923.8239961386103,3789.4352456046668,3856.6296208716385,744554
2025-06-11,3868.903620081054,3868.903620081054,3589.0980404587094,3606.5256135464497,1960049
2025-06-12,3585.602916099869,3599.0651975548294,3585.602916099869,3596.3288658991555,784235
2025-06-13,3607.7292667745896,3732.530435299254,3607.7292667745896,3696.4601636058082,1235222
2025-06-16,3725.2989651154494,3725.2989651154494,3535.510072252673,3617.7649870222504,1126409
2025-06-17,3660.0187336083845,3662.248879301129,3528.423374719781,3595.3361270104547,846263
2025-06-18,3579.9351131146173,3579.9351131146173,3520.2182261494613,3536.179719528101,1036165
2025-06-19,3497.514637873764,3540.8224060727885,3483.378434397421,3512.100420235105,857500
2025-06-20,3486.4106686735595,3486.4106686735595,3382.362703065267,3393.469299704901,1361549
2025-06-23,3383.1408763379645,3387.274328443428,3330.7835849090075,3359.028956676218,919171
2025-06-24,3371.6749664210192,3385.0603990078457,3371.1808642693427,3378.120631638594,836168
2025-06-25,3402.312281984324,3486.5506168359557,3359.660332936675,3423.1054748863153,974609
2025-06-26,3392.6689031742612,3392.6689031742612,3183.0330420193673,3261.62793400847,1617159
2025-06-27,3299.4381882767043,3299.4381882767043,3148.7579240999203,3190.846815087452,1134115
2025-06-30,3187.625369922908,3546.9053836607304,3187.625369922908,3453.603205882109,2181287
2025-07-01,3476.8007021355693,3575.5774734156485,3476.8007021355693,3547.1865479103235,1221940
2025-07-02,3511.571934286325,3764.8156485030795,3511.571934286325,3704.918518936885,1528993
2025-07-03,3756.915161294589,3780.9614709909333,3682.3279127108885,3731.644691850911,864002
2025-07-04,3733.1303322609015,3733.1303322609015,3655.57105115013,3681.059140324036,982298
2025-07-07,3693.154045778044,3693.154045778044,3593.1894495811716,3605.045820498768,1114449
2025-07-08,3593.793384897234,3593.793384897234,3445.703878672492,3468.637418790811,1438655
2025-07-09,3473.230351884952,3617.1946406959546,3473.230351884952,3555.025962053944,1182827
2025-07-10,3564.313165871558,3564.313165871558,3293.108739714677,3366.0501718627074,1732523
2025-07-11,3335.865976520133,3370.5076604129813,3226.076338528918,3298.2919994709496,1104730
2025-07-14,3346.5369076174593,3601.3111389479377,3346.5369076174593,3501.2694196885395,1825876
2025-07-15,3561.660715730616,3670.4305648720674,3561.660715730616,3639.8111196578666,1442931
2025-07-16,3632.6991422697142,3632.6991422697142,3391.437916817733,3463.5433938082156,1641290
2025-07-17,3460.442804247952,3477.50645598571,3372.1517316884037,3424.829093837057,938208
2025-07-18,3439.523550720958,3439.523550720958,3267.4433222693547,3315.348603340417,1327260
2025-07-21,3319.4729918534367,3467.4091572205275,3319.4729918534367,3445.989507488337,1440040
2025-07-22,3440.7939713249007,3598.336331888743,3355.827120786592,3477.0817263376675,896859
2025-07-23,3456.7556301466993,3650.832532771309,3315.3692527794456,3483.1008927753774,764063
2025-07-24,3530.3648591692204,3530.3648591692204,3325.7136595596303,3337.4316765503213,1514618
2025-07-25,3349.443633613833,3349.443633613833,3052.314333824068,3158.5302122667517,1741173
2025-07-28,3154.0093710874653,3172.0972315265626,3153.0133922690316,3162.5553118977973,755713
2025-07-29,3140.8486245089853,3171.051486912748,3046.152941050534,3108.602213981641,1047456
2025-07-30,3116.7058637908,3292.01591775342,3100.0969782610437,3196.0564480072317,1240393
2025-07-31,3196.885755291641,3224.017919875514,3146.0860517996057,3185.0519858375596,795547
2025-08-01,3191.4008606721927,3191.4008606721927,2992.4101088910206,3049.2886297972564,1529978
2025-08-04,2976.923714790411,3432.5012136014675,2976.923714790411,3363.831841873401,2529919
2025-08-05,3360.282586620428,3360.282586620428,3254.1441077260897,3277.053711017234,1210941
2025-08-06,3286.8713232026544,3286.8713232026544,3201.6273710669648,3212.961115885795,1094047
2025-08-07,3202.81970747716,3203.8687643068524,3128.515945298949,3166.192354802901,1000877
2025-08-08,3201.2488633457033,3336.385075995354,3068.564730402227,3202.4749031987903,941021
2025-08-11,3167.9049269714965,3167.9049269714965,3070.301853158846,3076.02141889876,1470043
2025-08-12,3079.0176587963742,3079.0176587963742,3053.9248324160226,3059.4206084190305,831478
2025-08-13,3088.629744715435,3088.629744715435,2797.4335194181876,2937.403801368847,1477596
2025-08-14,2942.0640056335096,3001.158371000673,2932.2939901002233,2966.726180550448,914265
2025-08-15,2993.4382073577203,2993.4382073577203,2919.94623936461,2922.352128329928,1008329
2025-08-18,2934.5180966225844,3011.002394934882,2858.7418201237374,2934.8721075293097,810670
2025-08-19,2937.3225149652176,3078.387585469775,2889.7097667703615,2984.048676120068,1036652
2025-08-20,2984.2435199337206,3187.9466639946263,2984.2435199337206,3161.4322160236907,1789683
2025-08-21,3147.7771470948587,3147.7771470948587,2913.0406760255337,2981.6662506816165,1804307
2025-08-22,2959.9496854159984,2959.9496854159984,2899.897609723304,2926.6590776555604,1073338
2025-08-25,2951.500041692188,2951.500041692188,2861.6777613722124,2870.0602273942727,1089959
2025-08-26,2888.358914067272,2983.1981370673834,2820.2370030113448,2901.717570039364,933250
2025-08-27,2873.1515632431,2891.354755304334,2873.1515632431,2883.2830238144106,849088
2025-08-28,2909.8307186158145,2909.8307186158145,2790.331411573891,2832.012655846982,1060909
2025-08-29,2791.781181192817,2974.329651741982,2791.781181192817,2910.9112419624335,1235523
2025-09-01,2898.3077935971537,2898.3077935971537,2803.336905145395,2812.900910782463,1359505
2025-09-02,2821.475984741422,2826.8970545747034,2795.3101628702852,2811.1036087224943,744097
2025-09-03,2812.6518807543457,2972.8728958486568,2714.985313324872,2843.9291045867644,944962
2025-09-04,2858.292640158048,2858.292640158048,2757.65195765014,2798.9300462206,1024425
2025-09-05,2792.817679882026,2862.4720763724827,2792.817679882026,2841.0133059752898,1005643
2025-09-08,2835.4424843426864,3059.3251297009238,2825.1679557451207,2942.2465427230222,1373471
2025-09-09,2936.945182855795,3014.8976096543292,2936.945182855795,3004.5164678676815,1115862
2025-09-10,3014.193809456901,3014.193809456901,2743.8511631746533,2811.5059131340263,1948104
2025-09-11,2780.137026532913,2998.3472641416292,2780.137026532913,2991.0932747541956,1866118
2025-09-12,3017.3519584242263,3141.6615792432995,2932.845739192908,3037.2536592181036,1012805
2025-09-15,3032.8945544635976,3108.253300895324,3017.776861739847,3063.0150813175856,887041
2025-09-16,3086.320060229548,3213.741965212938,3086.320060229548,3161.619096124767,1312534
2025-09-17,3157.020202390976,3225.3183761678874,3150.7602546288126,3188.03931539835,884766
2025-09-18,3190.0581755919966,3190.0581755919966,3081.5050762088354,3108.939339734248,1192420
2025-09-19,3121.73939344259,3128.022614434542,2976.141441441943,3052.0820279382424,1070351
2025-09-22,3060.7670907065685,3060.7670907065685,2951.492134750305,2994.42536942059,1081594
2025-09-23,2982.752120268119,3147.1921484421273,2982.752120268119,3077.3996652331466,1232851
2025-09-24,3065.934236146351,3091.725943078142,3065.934236146351,3081.685568098524,757877
2025-09-25,3061.2248821634976,3187.202746833837,3061.2248821634976,3164.9288566408345,1220423
2025-09-26,3134.3750158396956,3153.984915851379,3083.2459230948575,3118.6154194731184,1002309
2025-09-29,3146.1871875499082,3146.1871875499082,2878.9466818787514,2931.8214552970862,1863308
2025-09-30,2974.647463020246,3124.421279290016,2961.7117754106403,3043.066527350328,1414288
2025-10-01,3002.272068648033,3127.744487763707,2970.020313943334,3048.8824008535203,767355
2025-10-02,3047.031005497747,3057.823098405867,3038.5959368835606,3048.2095176447137,736436
2025-10-03,3000.806789220841,3146.5573979929422,3000.806789220841,3105.4754875303115,1073186
2025-10-06,3121.808923347965,3158.956119453252,3121.808923347965,3141.244009803883,942080
2025-10-07,3151.2567054440724,3205.6513025104246,3055.4996618422997,3130.575482176362,794686
2025-10-08,3098.347149067931,3299.4444493706787,3080.1296839898214,3189.78706668025,1075472
2025-10-09,3201.923112092601,3306.9932478255646,3201.923112092601,3257.7836695802303,1118604
2025-10-10,3303.4600097289995,3303.4600097289995,3180.006678732181,3226.7868699589667,907441
2025-10-13,3231.8846642470025,3295.3191322458524,3134.3514038978146,3214.8352680718335,800338
2025-10-14,3210.791842289019,3400.7823339151673,3210.791842289019,3345.464936016609,1461669
2025-10-15,3306.569869105841,3306.569869105841,3221.770429474013,3252.010074590431,1251157
2025-10-16,3278.69712475199,3411.2099284062583,3278.69712475199,3395.302246695167,1521907
2025-10-17,3456.5351096759196,3456.5351096759196,3220.70811107712,3223.997107161352,1680312
2025-10-20,3221.4369394674577,3435.374159517165,3221.4369394674577,3380.58388019647,1600768
2025-10-21,3385.6281245890013,3409.0215479933477,3339.2286772341413,3374.1251126137445,767410
2025-10-22,3380.95098503162,3380.95098503162,3325.4699284590984,3333.457505923928,954420
2025-10-23,3330.2429559480665,3484.310813932316,3221.662903905352,3352.9868589188336,839352
2025-10-24,3329.444592798327,3406.7138413570333,3329.444592798327,3393.807101054047,953958
2025-10-27,3359.255955992891,3485.0518515174276,3337.3781686554157,3411.2150100864214,826072
2025-10-28,3401.1640888123134,3546.009350256193,3295.3177560044264,3420.6635531303095,783040
2025-10-29,3363.2429225807114,3437.4859401004855,3259.6882051117914,3348.5870726061385,1122323
2025-10-30,3325.3863702899175,3325.3863702899175,3106.0282589834737,3109.3463930242137,2089631
2025-10-31,3096.7049396829916,3307.8906455223305,3096.7049396829916,3250.524035553569,1545420
2025-11-03,3241.6565041897616,3241.6565041897616,3125.1986341695247,3165.9986282860123,1214818
2025-11-04,3176.237909114201,3263.9476183011097,3125.1164903015574,3194.5320543013336,896672
2025-11-05,3193.5059002148428,3437.0661141552664,3193.5059002148428,3391.2042479079178,1826308
2025-11-06,3382.168676509917,3447.7042489478104,3382.168676509917,3420.788630336753,891435
2025-11-07,3379.4866887084886,3576.4825326225086,3379.4866887084886,3554.2314810100706,1433072
2025-11-10,3574.25944817977,3856.410428432427,3454.5817058624975,3655.4960671474623,1246773
2025-11-11,3646.4535987898603,3684.0667897804,3554.8012769229135,3619.4340333516566,913921
2025-11-12,3589.615000920489,3689.8038412139795,3584.8896967416704,3637.346768977825,822787
2025-11-13,3581.129234502703,3844.692180377036,3581.129234502703,3762.381175822805,1351223
2025-11-14,3743.7646137190354,3743.7646137190354,3418.3850830096226,3471.1226943706897,2207694
2025-11-17,3459.2951934990083,3466.136528047425,3377.3606315867182,3421.748579817072,994709
2025-11-18,3447.8058137510934,3447.8058137510934,3269.9911631285518,3276.5340676631727,1526412
2025-11-19,3296.550621567152,3310.1171551706834,3067.220430172781,3188.6687926717323,1230105
2025-11-20,3167.789363014908,3304.704591860114,3167.789363014908,3280.8280586861674,1254085
2025-11-21,3279.14555176838,3321.889975080072,3279.14555176838,3311.86720331149,904806
2025-11-24,3310.2402551562072,3574.131233592929,3310.2402551562072,3442.4558991631434,1440492
2025-11-25,3462.4960338898845,3921.6718675526895,3462.4960338898845,3740.7474600940363,2253951
2025-11-26,3718.6849364035675,3953.9037813233163,3500.9686310844563,3727.4362062038863,797665
2025-11-27,3748.2611632187313,3748.2611632187313,3638.3926289880865,3652.5049937732097,1104221
2025-11-28,3695.605752542129,3725.9360922489795,3693.8257534277636,3709.8809228383716,1017782
2025-12-01,3677.3602591831414,3677.3602591831414,3496.8550793755726,3550.0683396109653,1538632
2025-12-02,3547.6824344404067,3600.000653580905,3363.2631666186144,3481.6319100997594,1088810
2025-12-03,3507.9018758833054,3644.43727698396,3431.3784725668374,3537.907874775399,1025983
2025-12-04,3597.085866617786,3597.085866617786,3344.7981381797695,3360.552826455001,1674073
2025-12-05,3372.546449470378,3372.546449470378,3267.6060500002664,3293.327177410266,1102385
2025-12-08,3293.433384848811,3293.433384848811,3053.985331134349,3111.774906178275,1770657
2025-12-09,3120.039948504774,3143.5704887236498,3077.416568009745,3110.4935283666973,739936
2025-12-10,3160.1523909509397,3160.1523909509397,3140.003997528403,3141.5454651607647,914275
2025-12-11,3117.159014565054,3169.421759816667,3075.873692846034,3122.6477263313504,842869
2025-12-12,3111.2669958870347,3195.3569041692153,3055.192042825144,3125.2744734971798,747790
2025-12-15,3152.7017433693895,3152.7017433693895,3059.9840956010144,3099.5267388723037,883866
2025-12-16,3083.71044815621,3292.7839716884423,3083.71044815621,3215.7523090920354,1406416
2025-12-17,3190.0009675007664,3190.0009675007664,3011.8022374256566,3073.07319605546,1563356
2025-12-18,3118.210585339789,3253.137800469122,3118.210585339789,3241.7990174187075,1711063
2025-12-19,3270.552201133691,3270.552201133691,3235.254048931259,3251.9404035017874,789584
2025-12-22,3196.4183360098145,3365.7679427335233,3170.2026098890274,3267.9852763112754,822512
2025-12-23,3289.8113416670085,3289.8113416670085,3145.1920812743274,3204.875333659606,1089446
2025-12-24,3181.246519909993,3181.246519909993,3113.6417830027194,3146.2330090309265,1070529
2025-12-25,3124.9982845999352,3187.2377778970385,3124.9982845999352,3173.8622383296356,892484
2025-12-26,3174.0336480778165,3258.113888043158,3124.2309890771867,3191.1724385601724,831985
2025-12-29,3237.845542453905,3237.845542453905,2984.6849473597754,3072.6389307665163,1425453
2025-12-30,3077.4163462372976,3173.7862538369304,3077.4163462372976,3162.708259126448,1261402
2025-12-31,3120.008369578909,3315.195791342556,3120.008369578909,3314.735832894018,1592029
2026-01-01,3329.6340293427647,3449.972213527101,3329.6340293427647,3422.093150441175,1316012
2026-01-02,3401.293133891557,3495.908596549063,3351.0581506448207,3423.483373596942,739831
2026-01-05,3363.113174081302,3649.4426433576273,3363.113174081302,3572.681589171974,1513455
2026-01-06,3596.9289693402548,3596.9289693402548,3402.935619757617,3488.042579098002,1171387
2026-01-07,3513.0590742062477,3535.9659843368863,3301.522560359072,3418.7442723479794,1099826
2026-01-08,3415.5690828086554,3571.570426938163,3415.5690828086554,3547.4160333695954,1408874
2026-01-09,3523.5305530278933,3535.74085789768,3355.6718339856916,3445.706345941686,1265039
2026-01-12,3384.1811985735903,3732.9243919399933,3383.0007218939418,3557.9625569169675,1319393
2026-01-13,3578.7890469346794,3578.7890469346794,3310.7763047837743,3331.2080846534186,1938155
2026-01-14,3340.235439223852,3350.1155448376694,3314.265254237507,3332.1903995375883,737793
2026-01-15,3301.439032731422,3501.696089964267,3301.439032731422,3462.917690609237,1436988
2026-01-16,3415.4475782269196,3632.231371250398,3415.4475782269196,3606.1944967626323,1474705
2026-01-19,3579.8240813928214,3792.0287818693923,3579.8240813928214,3788.623051148728,1635979
2026-01-20,3736.0114712179734,3989.022170161746,3736.0114712179734,3987.56706933793,1669469
2026-01-21,3965.62878602862,4117.390515194777,3965.62878602862,4045.09926906775,994680
2026-01-22,4083.153820445032,4083.153820445032,3737.7806534232254,3838.716402542681,1691247
2026-01-23,3815.0647655991907,3850.330821982838,3815.0647655991907,3838.9856627872928,733679
2026-01-26,3811.5616458110435,3896.521912804496,3811.5616458110435,3860.2221060251522,833402
2026-01-27,3874.939354138785,4163.546569731273,3849.8927459365586,4006.719657833916,1414403
2026-01-28,3974.6794089545983,4137.56392665297,3860.63991027959,3999.1019184662796,767239
2026-01-29,3988.0749945659204,4009.722409878046,3918.213658719173,3963.9680342986094,893966
2026-01-30,3995.2031225698734,3995.2031225698734,3905.0104159478315,3909.9851733024143,983459
2026-02-02,3929.1340340619786,3939.6434206608583,3904.0084461511606,3921.8259334060094,787759
2026-02-03,3972.161851601248,4049.3878522464765,3804.5047686991793,3926.946310472828,756284
2026-02-04,3910.517262019837,3987.360248682449,3731.0193056487706,3859.1897771656095,1051075
2026-02-05,3842.440448544067,4072.1254542588467,3842.440448544067,4008.140552328552,1425793
2026-02-06,4012.615069007919,4012.615069007919,3962.4106673809306,3981.8324570096825,852971
2026-02-09,3994.070845867236,4266.792817998387,3994.070845867236,4175.319001544115,1601173
2026-02-10,4179.848172131412,4372.6522563626795,4140.25078638887,4256.451521375775,1084769
2026-02-11,4217.549685513484,4225.891225628914,3986.5545949748466,4106.222910301881,1390309
2026-02-12,4140.8998871970325,4140.8998871970325,4009.049077806843,4034.418315651272,1055408
2026-02-13,4071.258317639953,4182.108944222776,3898.690004439179,4040.3994743309772,759519
2026-02-16,4099.989989116641,4207.658069880919,3811.6756775554663,4009.666873718193,872198
2026-02-17,4005.782978185937,4236.803693403164,4005.782978185937,4173.709476743429,1466566
2026-02-18,4178.735204812936,4193.845113342393,4109.135934043617,4151.490523693005,830128
2026-02-19,4177.894086396678,4306.082545956296,4153.1371424400595,4229.609844198178,1073733
2026-02-20,4196.606652331673,4348.802878252385,4182.530823516821,4265.666850884603,887823
2026-02-23,4281.137133276745,4281.137133276745,4173.931703934824,4204.234201941657,998004
2026-02-24,4203.987025722801,4380.209383796793,4203.987025722801,4340.926592725226,1318231
2026-02-25,4346.154759247662,4536.974763621266,4346.154759247662,4460.348606997268,1229308
2026-02-26,4454.5754231620695,4608.618603822726,4454.5754231620695,4544.446694241852,1074406
2026-02-27,4521.19735286032,4584.5278083995645,4476.368004917792,4530.447906658678,788884
2026-03-02,4494.790614767428,4494.790614767428,4425.872587036252,4446.312196521851,1075627
2026-03-03,4439.822448604831,4461.780972565323,4293.67992378878,4377.730448177052,1017014
2026-03-04,4408.614211912116,4408.614211912116,4115.203308920682,4126.675682902638,1813744
2026-03-05,4166.166841601079,4220.673469801229,4166.166841601079,4193.488568395833,1026466
2026-03-06,4217.656871335791,4368.183920922883,4217.656871335791,4360.93849414278,1449305
2026-03-09,4355.820573876449,4464.817217519193,4221.431999812939,4343.124608666066,807341
2026-03-10,4281.962440489279,4451.040430482808,4281.962440489279,4381.344080547704,892816
2026-03-11,4310.9634724593225,4429.980951642507,4310.9634724593225,4405.840138580931,834480
2026-03-12,4431.256393354612,4431.256393354612,4391.206051896423,4409.5208812010105,747685
2026-03-13,4410.737772030827,4603.459663513209,4285.392797977393,4444.426230745301,876763
2026-03-16,4463.819356843732,4714.863759373412,4463.819356843732,4657.168516233086,1588507
2026-03-17,4631.152167449665,4846.990974335168,4631.152167449665,4822.306826151778,1370398
2026-03-18,4805.920680815141,4805.920680815141,4527.541495229732,4565.431460548833,1734666
2026-03-19,4560.578910295663,4833.887943930422,4240.366994746627,4537.127469338524,846262
2026-03-20,4539.891428466429,4765.551311748877,4539.891428466429,4718.6383388309605,1450621
2026-03-23,4785.404665322283,4785.404665322283,4456.866763447449,4604.93274806492,1179013
2026-03-24,4653.130099391819,4703.82599235097,4361.616424725452,4532.721208538211,1021793
2026-03-25,4485.306176697686,4791.363015073077,4485.306176697686,4783.846732543521,1719709
2026-03-26,4822.880965220433,4972.233979796453,4715.947464108439,4844.090721952446,961535
2026-03-27,4797.496108499455,4802.980924486311,4558.647309270497,4680.814116878404,1360194
2026-03-30,4641.960484347792,4641.960484347792,4514.433535739948,4528.643824439232,1337527
2026-03-31,4510.975886583148,4510.975886583148,4446.808070189675,4461.344085993743,1006538
2026-04-01,4408.950541237655,4455.284835628574,4255.101568011159,4355.193201819867,1173317
2026-04-02,4357.472394772951,4558.295943454095,4066.286730924955,4312.291337189526,913655
2026-04-03,4320.92316052718,4462.40880658575,4313.69270338237,4388.05075498406,1051274
2026-04-06,4357.72191698058,4357.72191698058,4263.066095531657,4290.6869117634105,1143236
2026-04-07,4270.79607540476,4552.183734735279,4270.79607540476,4415.565885165797,1257689
2026-04-08,4383.002697863429,4721.867189199649,4383.002697863429,4695.037454489643,1856073
2026-04-09,4679.877429765514,4679.877429765514,4212.310921158365,4295.177985977525,2362213
2026-04-10,4335.179596509226,4335.179596509226,4281.106321867165,4292.518485776432,743735
2026-04-13,4340.4006973761725,4340.4006973761725,4195.033554919835,4203.004202054828,1118258
2026-04-14,4184.614748124672,4184.614748124672,4119.216397535041,4145.760340990117,983484
2026-04-15,4106.875902650306,4332.689101305302,4106.875902650306,4296.7813647406,1387522
2026-04-16,4235.033198182804,4521.6733183294145,4235.033198182804,4405.867521123884,1191441
2026-04-17,4425.639820756907,4614.171374357153,4425.639820756907,4595.064616443909,1502245
2026-04-20,4618.136899939924,4777.232863464416,4618.136899939924,4729.156436553828,1259060
2026-04-21,4783.628808506613,4783.628808506613,4487.352884675653,4588.712517671835,1284389
2026-04-22,4545.235519012619,4637.782337746232,4545.235519012619,4635.014470412667,916223
2026-04-23,4653.753534283019,4842.359388284901,4327.15838129749,4584.758884791196,932005
2026-04-24,4617.653950675573,4617.653950675573,4260.729171805809,4296.566875247121,1921094
2026-04-27,4315.359218685916,4315.359218685916,4255.439735928958,4284.072177671725,785718
2026-04-28,4293.765802012765,4448.526661201787,4293.765802012765,4383.132241392984,1150951
2026-04-29,4372.56106611399,4372.56106611399,4016.5596954845296,4138.761472505736,1782777
2026-04-30,4117.476366522809,4253.643250398603,4087.393049349472,4170.518149874038,872350
2026-05-01,4161.115732706437,4526.785474671034,4150.699097674705,4338.742286172869,1456444
2026-05-04,4340.829147632721,4603.398953575106,4340.829147632721,4549.515463241467,1600946
2026-05-05,4540.934339710693,4540.934339710693,4342.652497163905,4368.372790532666,1476328
2026-05-06,4417.310966532518,4800.166976936396,4377.450445433729,4588.808711185063,1633787
2026-05-07,4580.002611919128,4580.002611919128,4368.987025630279,4395.123183321534,1522006
2026-05-08,4384.782373307894,4599.274750693682,4384.782373307894,4523.865139806632,1261022
2026-05-11,4515.852515339779,4682.445024310034,4515.852515339779,4604.260586178269,1054929
2026-05-12,4478.621326018653,4711.026533529418,4478.621326018653,4670.836299269949,995252
2026-05-13,4686.223957543291,4686.223957543291,4522.700366736694,4545.021746967983,1232357
2026-05-14,4571.231502699813,4742.802383319124,4571.231502699813,4728.811520774438,1458223
2026-05-15,4706.903364131063,4706.903364131063,4304.858862322929,4416.296060914817,1984287
2026-05-18,4378.462771429851,4418.639517721441,4336.939271860247,4377.789394790843,892742
2026-05-19,4404.411527943825,4569.231744985306,4404.411527943825,4550.558436371907,1441098
2026-05-20,4610.374324968497,4610.374324968497,4427.435121425784,4459.580092762949,1102169
2026-05-21,4426.875414511111,4623.144337198143,4426.875414511111,4529.806152739491,1018478
2026-05-22,4525.382586308373,4525.382586308373,4471.1146747464545,4485.993584224121,910351
2026-05-25,4483.84300001525,4483.84300001525,4288.391400813017,4332.939041535703,1368002
2026-05-26,4363.107745944272,4363.107745944272,4131.341638857046,4142.199327980054,1556690
2026-05-27,4129.114062048554,4276.690549152856,4029.724596120428,4153.207572636642,780990
2026-05-28,4103.981558601614,4139.589772891677,3754.9798737825486,3947.284823337113,1663506
2026-05-29,4033.1917516923654,4033.1917516923654,3846.6291412009587,3853.7126864058955,1171666
2026-06-01,3841.7016318551273,3841.7016318551273,3669.7154430519863,3739.2042155247764,1284697
2026-06-02,3733.1875136212366,3834.391367840111,3678.3611243923406,3756.376246116226,816289
2026-06-03,3800.323673934565,3890.230471696882,3605.142708858367,3747.6865902776244,774800
2026-06-04,3779.4074308145314,3879.1545286560113,3687.3810209860126,3783.2677748210117,905412
2026-06-05,3813.16121707447,3978.1904374518626,3813.16121707447,3906.7885366008654,1320646
2026-06-08,3902.370434645317,3902.370434645317,3684.2557435695026,3685.573865588882,1799667
2026-06-09,3646.9956928145257,3966.994637904384,3646.9956928145257,3845.787763114135,1511520
2026-06-10,3848.1213231380193,3848.1213231380193,3777.9175139721433,3798.6441640124663,958233
2026-06-11,3842.4162663081925,4079.583893231601,3612.448676362307,3846.016284796954,959321
2026-06-12,3856.643678294332,3856.643678294332,3700.818308503469,3732.26690049295,1282095
2026-06-15,3752.120373436524,3962.6296701123583,3752.120373436524,3863.616398049994,1365693
2026-06-16,3854.6367434153813,4158.253215024652,3854.6367434153813,4105.854398493282,1845822
2026-06-17,4131.0401785405,4242.963816397556,4022.8936429019304,4132.928729649743,852735
2026-06-18,4093.320284212802,4381.910087326677,4093.320284212802,4307.6800812199335,1490665
2026-06-19,4341.411070221946,4341.411070221946,4067.2788561684865,4141.0792255536435,1454592
2026-06-22,4150.165669438933,4219.172160703558,4080.21166634769,4149.691913525624,770436
2026-06-23,4147.770595299326,4147.770595299326,4086.2018108698876,4091.753501923225,989840
2026-06-24,4136.318328084095,4245.781967065127,3979.396745194824,4112.589356129975,825395
2026-06-25,4107.132379235761,4279.47680071838,4107.132379235761,4225.175867214594,1226908
2026-06-26,4228.741916816532,4553.032668788618,4154.236860383225,4353.634764585921,1280779
2026-06-29,4425.076272320533,4425.076272320533,4259.2804432197345,4288.915713105481,1006624
2026-06-30,4287.016725235686,4366.342699560971,4181.269663170405,4273.806181365688,797013
2026-07-01,4226.340581898548,4439.6993963244095,4226.340581898548,4347.724237614951,1046367
2026-07-02,4371.3919701873465,4371.3919701873465,4059.475176683427,4175.159501257074,1473944
2026-07-03,4189.808852062815,4440.487699478562,4189.808852062815,4331.36880094924,1404935
2026-07-06,4339.583773552018,4446.869165826351,4289.710728330132,4368.289947078241,887809
2026-07-07,4351.8324947564215,4552.7588375796995,4349.073249109736,4450.916043344718,1075491
2026-07-08,4422.580011350057,4480.334259972359,4349.355799857037,4414.845029914698,881386
2026-07-09,4422.670088726162,4422.670088726162,4298.983134477555,4300.721402021071,1211929
2026-07-10,4322.431101733777,4491.8640244976505,4322.431101733777,4486.292371526347,1505874
2026-07-13,4470.990857270963,4683.072167337216,4417.1486829194155,4550.110425128316,991020
